{"sidebar-1":{"block-2":{"content":"<!-- wp:search \/-->"},"block-3":{"content":"<!-- wp:group --><div class=\"wp-block-group\"><!-- wp:heading --><h2>Recent Posts<\/h2><!-- \/wp:heading --><!-- wp:latest-posts \/--><\/div><!-- \/wp:group -->"},"block-4":{"content":"<!-- wp:group --><div class=\"wp-block-group\"><!-- wp:heading --><h2>Recent Comments<\/h2><!-- \/wp:heading --><!-- wp:latest-comments {\"displayAvatar\":false,\"displayDate\":false,\"displayExcerpt\":false} \/--><\/div><!-- \/wp:group -->"},"block-5":{"content":"<!-- wp:group --><div class=\"wp-block-group\"><!-- wp:heading --><h2>Archives<\/h2><!-- \/wp:heading --><!-- wp:archives \/--><\/div><!-- \/wp:group -->"},"block-6":{"content":"<!-- wp:group --><div class=\"wp-block-group\"><!-- wp:heading --><h2>Categories<\/h2><!-- \/wp:heading --><!-- wp:categories \/--><\/div><!-- \/wp:group -->"}},"footer-3":{"nav_menu-3":{"title":"Shop","nav_menu":23}}}